,Corrected Tweets
0,watch favourite pakistani  movies tv series using s fastest mobile internet. 
1,zahirpost apne number pr maujood arzi taur per band services kay baare mein janne de-activate kerne kay liye 
2,zeeni_u connected via dm 
3,zeeni_u please dm us usage  suggest best bundle according 
4,zeeni_u  please let us know need assistance regarding zong 
5,favourite packages  internet voice one place zongg online 
6,tzash required details shared kindly check message box let us know still assistance 
7,tzash  definitely want get addressed  please dm zong number 
8,aamirabbas_ cannot use gsm sim zong mbb 
9,aamirabbas_ hi  use zong mbb sim zong mbb device mapped 
10,chotayabbu hi  give us chance look concern. kindly share contact number message box 
11,milkmann hi  totally understand inconvenience  please dm zong number extended 
12,afzalaslam hi  thank part zong 
13,zongg collaborates bookme.pk deliver tickets free doorstep. 
14,sheikhnaveed  connected via 
15,mianalihumayun thank 
16,pakvoices ptclofficial officialwarid ufone jazzpk  definitely want get addressed 
17,mianalihumayun hi  well kind experience want have. please dm zong number extended 
18,mahboobch  kindly check message box 
19,shamylmansoor hi  totally understand inconvenience  please dm zong 
20,mahboobch hi  definitely want get addressed  please dm zong number 
21,get free zong plus one sim free internet  voice minutes  sms. details visit: 
22,tzash already connected via  please check 
23,tzash  please allow us chance look concern. kindly share zong data sim number message box 
24,atifmtz already connected via  please check 
25,atifmtz hi  well kind experience want have. please dm zong number extended 
26,xaqubz hi  totally understand inconvenience  please dm mbb zong number extended 
27,zahirpost  kindly aap apna masala humay message main send kijiye apko accordingly guide kar dia jaye 
28,kawish_breaking  sorry apko parishani ka samna karna  ap please apna zong number dm mai send 
29,muzzammilali hi  thank suggestion would definitely 
30,zong postpaid  prepaid customers dial outgoing calls saudi arabia pkr +tax/ minute. please 
31,ucantstopme glad like services 
32,drmhussain  sorry inconvenience  please dm zong number along address details 
33,mohamedinfas haadeap  please dm zong number 
34,subscribe mbb monthly gb bundle get extra gb volume absolutely free. details 
35,haadeap welcome 
36,haadeap yes replace sim franchise retailer 
37,haadeap  offering sim delivery  please visit nearest zong csc/franchise/retailer shop 
38,imzeesh please dm zong mbb number 
39,real_javed pleased serve 
40,real_javed please see link details 
41,imzeesh  mbb devices mapped  use sim 
42,real_javed please see link details 
43,real_javed avail acquisition offer.dial  press  recharge rs  get  mbs 
44,real_javed zong franchise address jampur toba tek singh. is: jampur road block   shop  / dg 
45,real_javed please check previous  replied 
46,imzeesh  please contact respective university administration 
47,real_javed avail acquisition offer.dial  press  recharge rs  get  mbs 
48,real_javed port get economy package along rs  balance. double volume offer  pe  
49,real_javed  offering different exciting offers. 
50,nnabeelawan 
51,nnabeelawan hi  es hawaly sey mukamal details kay leye es link per visit 
52,favourite packages  internet voice one place zongg online 
53,sumayamehmood thank 
54,phuckwut 
55,access account details one place zong app. apple:  
56,ahkhan_  kindly dm issue along number better 
57,fahidjavid already connected via  please check 
58,fahidjavid hi  totally understand inconvenience  please dm zong number extended 
59,zahirpost kindly check message box 
60,zahirpost  please message us issue along problematic zong  may assist 
61,kawish_breaking  kindly apna  mukamal maslay ki details kay sath dm kijiye takay aap ki mukmal rehnumai ki ja 
62,zhassan 
63,aamawam already connected via  please check 
64,aamawam  totally understand inconvenience  please dm zong number extended 
65,fahimk hi  kindly check dm 
66,hyabdola ufone s mission provide best services respectable  always 
67,sualehahmed hi  satisfaction reward us. thank 
68,manj 
69,get amazing discounts find adventure portal zongg findmyadventure 
70,abdurra kindly ap apna zong number humein message box mein share kijyey taky ap ko guide kiya ja 
71,abdurra  totally understand inconvenience  please dm zong number extended 
72,fidahussainkho hi  already connected via  please check details 
73,fidahussainkho hi  already connected via  please check 
74,favourite packages  internet voice one place zongg online 
75,fkdharejo hi  give us chance look concern. kindly share contact number message box 
76,jamil_muhammad hi  thank suggestion would definitely 
77,manj hi  please explore link desired details. 
78,mirfankan hi  cannot use hec mbb sim  use hec mapped mbb 
79,zongg launches prepaid  voice  sms bundles uae first time. 
80,saadghazwani hi  kindly dm us zong number contact number connect 
81,illahibux  connected via  please check details 
82,illahibux  definitely want get addressed  please inbox zong number 
83,shamazk hi  satisfaction reward us. thank 
84,get premium deals disconto zongg download now:  
85,le_me_be thank 
86,le_me_be  kindly ap apna zong number humein message box mein share kijyey taky ap ky behtar rehnumaye ky ja 
87,sunnywbzx withduerespct welcome 
88,withduerespct thank part zong family 
89,fantabulousaf rs /week. taxes charge hongy agar laagu hain. 
90,fantabulousaf  weekly premium package activate karnay kay liye sms send kijiye   aur hasil kijiye  mb data 
91,never miss favorite movies  zong  bookme.pk make life easy you. start 
92,mishneeb  check remaining minutes dial  charges rs. . 
93,luqmanshahzad  ge farmaye hum apki help kay liye available 
94,mustu hi  zong customers valuable asset feedback helps us serve better 
95,daily_jcdnews hamzakhan_siyal  kindly ap apna zong number humein dm kijyey taky ap ky rehnumaye ky ja 
96,noweedhassan hi  kindly dm us zong number 
97,alvirasaysthat (discounted price rs . booking please visit given link  
98,alvirasaysthat hi  offering azadi offer valuable customers. book fiber-home mbb device 
99,exclusive discount rs. zongg bolt+device. offer ends midnight th august. order 
100,awaiszap please check 
101,awaiszap  offering gb data extra  gb data  please share mbb number dm 
102,iamrajukhan  avail acquisition offer. dial  press   recharge rs  get  mbs 
103,favourite packages  internet voice one place zongg online 
104,bilal_juttt  please ap apna zong number dm kijeye ap ki rehnumai ki jai 
105,rayasadali thank appreciating 
106,antolaxmanbhai nestlepakistan shukriya 
107,syeshsibtain thank part zong family 
108,rubrubarubai hi  please  want know zong gsm sim internet  zong mbb device 
109,watch favourite pakistani  movies tv series using s fastest mobile internet. 
110,sadiasahar connected via 
111,sadiasahar  definitely want get addressed  please inbox zong number 
112,ralphjmartins welcome  glad assist 
113,ralphjmartins may visit  mnp process start per 
114,ralphjmartins  please visit nearest zong office along sim cnic. successful mnp process takes  working days. 
115,ali_eyez thank 
116,maqib link explore  
117,maqib  azadi offer (th august till th  avail  discount booking 
118,imran_khan_mayo thank imran  stay connected zongg 
119,telecomenews zongg  explore given link enjoy virtual tour quaid's birthplace 
120,drshoaibafridi hi dr.  kindly connect us dm along mbb number may 
121,drshoaibafridi hi dr.  kindly connect us dm along zong number cater complaint 
122,ahmadhasan  sure  connected 
123,jholaylolz  apologies inconvenience. kindly share zong number via 
124,hamzaq  would please share  zong number 
125,fkdharejo  inconvenience  kindly dm us problematic number we'll go 
126,etsham_  already connected dm 
127,iamrajukhan jazzpk warid ufone link explore  
128,iamrajukhan jazzpk warid ufone  azadi offer (th august till th  avail 
129,happy th independence day zongg 
130,call_me_uncle 
131,call_me_uncle thank 
132,burhanulhaq fia_pakistan  totally understand inconvenience  please dm zong 
133,alirazaskt hi  kindly dm us zong number 
134,samirnawaz hi  please explore given link check heritage pakistan independanceday 
135,hamadraza device book karwany kay bad ap ko zong csc visit karna  mazeed details kay liye dia gya link 
136,hamadraza azadi offer main apko th august se lay kar th august tak g bolt + fiberhome device book karwany 
137,hamadraza hi  free mbs ky hawaly sy filwaqt update mujood nahi hy ap azadi offer mbb fiber home device per haasil kar sakty 
138,independenceday zongg gives us tour s birthplace. click link start 
139,bluntfactor rayasadali hi  definitely want get addressed  please inbox zong number 
140,rajaimran hi  offering super weekly weekly premium offers internet  please 
141,kusiddiqui hi  give us chance look concern. kindly share contact number message box 
142,rayasadali  continuously strive provide best network customers zongg 
143,caritadeaimen  totally understand inconvenience experiencing connected via 
144,ahmadbilal  ap kindly apna issue aur zong number hamai dm kijiye kay apke bahtar rahnumai ke ja 
145,kanxsy welcome 
146,shehzaibbajwa thank connected via 
147,wahajsheikh hi  connected via 
148,kanxsy  definitely want get addressed  please inbox zong number 
149,saad_iam hi  give us chance look concern. kindly share contact number message box 
150,deadhomie glad like 
151,omermjanjua hi  kindly dm us zong number check 
152,saifali please explore given link complete details information 
153,saifali welcome 
154,ntyourbhai hi  kindly dm us zong number 
155,hamadraza hi  ap ko data services per provincial taxes ada kerna hoty  ap apna number dm kijyey 
156,shaheenkhan hi  internet bundle ky prices change nahi ky gaye  kindly ap apna number dm kijyey 
157,hamadraza hi  internet bundle ky prices change nahi ky gaye  kindly ap apna zong number dm kijyey 
158,zongg collaborates bookme.pk deliver tickets free doorstep. 
159,waqarchishti please explore given link complete details 
160,waqarchishti hi  offering different packages includes  weekly monthly offers 
161,shehzaibbajwa hi  totally understand inconvenience  please dm zong 
162,arehman_  thank sharing feedback. zong always believe moving forward light s 
163,maahtab_ali connected via 
164,a_socialanimal  give us chance look concern. kindly share contact number message box 
165,maahtab_ali hi  definitely want get addressed  please dm zong number 
166,aminabaig abdullah_naeem ufone  thank sharing. kindly keep using zong services. 
167,_mukhtiarbaloch g service area mai izafay kay hawaly say kam tezi say jari hai jald mazeed elaqoon mai 
168,_mukhtiarbaloch zong radio tv activation kay liye sub likh ker  pe bhejain. daily charges rs.+tax/day 
169,_mukhtiarbaloch  zong radio tv service details kay liye please link visit kijiye. 
170,_atariq_  guided kindly check message box let us know still assistance 
171,aneestakar connected via message 
172,aneestakar zong please share zong number message 
173,allahkarim hi  give us chance look concern. kindly share contact number message box 
174,aneestakar zong hi  definitely want get addressed  please dm zong number 
175,caritadeaimen hum ap saath already connected  kindly ap apna message box check kijyey taky guide kiya ja 
176,noorpeerzada  kindly ap apna zong number humein dm kijyey apny mukamal details ky saath taky apky help ky ja 
177,favourite packages  internet voice one place zongg online 
178,caritadeaimen telenorpakistan jazzpk  already connected via  please check 
179,caritadeaimen  help get issue resolved. please message us problematic zong number 
180,m_hamzaazhar  help get issue resolved. please message us problematic zong number may assist 
181,zanish mr_programmer kindly visit zong website link zong call packages - 
182,zanish mr_programmer  please visit zong website check zong sms bundles detail activation sms 
183,rixwan hi  replied guided message. details guided shared per 
184,anwerishere give us chance look concern. kindly share contact number message box 
185,anwerishere hamai dm mai send kijiye apko guide kiya jai ga hum apki help kay liye available hain. 
186,anwerishere hi  agar apko balance usage kay hawaly sy issue dharpaish hai ap please apna issue aur zong number 
187,danialthebo  already connected via dm 
188,maritannaki required details shared kindly check message box let us know still assistance 
189,jahanzaib hi  required details shared kindly check let us know still assistance 
190,yasir_khan_ details kay liye link visit kijiye. 
191,yasir_khan_ hi  ap online mnp request forward kar sakty hain apko mnp sim delivery de jai ge. 
192,yasir_khan_ ge nahe free data offer g g sim conversion pa de ja rahe hai. 
193,avail new discount zongg postpaid  click upgrade:  
194,yasir_khan_  g sim replacement per extra incentive data eligibility check karny ky liyey link visit kijyey 
195,irfanhaider please explore given link complete details 
196,irfanhaider hi  prepaid successful bvs subscribers used zong sims last  
197,rixwan kindly dm us device zong sim number check details 
198,aamir_bhatti hi  thank suggestion would definitely 
199,rimsandrings hi  kindly share zong number us sort details 
200,rixwan  allow us assist  kindly share details get back 
201,mahrukhiqbal_s hi  definitely want get addressed  please inbox zong number 
202,daily_jcdnews  kindly ap apna zong number apny mukamal tafseelat ky saath humein dm kijyey taky hum ap ky help kar 
203,access account details one place zong app. apple:  
204,pirusaein hi  connected via  please check 
205,zidi_chaudhary_  kindly dm us zong number 
206,wak_sports hi  details shared via  kindly check message box assistance 
207,eekhan  already connected via  please check details 
208,nadeemhaque eekhan hi  kindly dm us zong number check guide 
209,dawoodpotojamal hi  already connected via  please check 
210,eekhan  kindly check message box 
211,eekhan  definitely want get addressed  please inbox zong number 
212,atwaar hi  please visit nearest zong office along cnic golden 
213,duzztakh thank part zong family 
214,sk 
215,farooq_rose booking kay liye link visit kijiye.  
216,farooq_rose  fiber-home device online order book karnay pa  discount hasil kijiye (discounted price rs . 
217,sk given link  
218,sk  book fiber-home mbb device online get  discount (discounted price rs . booking please visit 
219,celebrate independence day azadisale. get exclusive discount rs. zongg bolt+ device order 
220,sajidam apko message box mai reply kiya gaya hai please check kijiye. hum apki help kay liye available 
221,sajidam hi  ap kindly apna issue aur zong number hamai dm kijiye kay apke bahtar rahnumai ke ja 
222,shahidjabbi hi  ap please apna zong number hamai dm mai send kijiye apko usage kay hawaly sy guide kiya jai ga 
223,coming  stay tuned exciting azadi offer zongg.  please visit 
224,alishainayat please dm zong number facilitated accordingly. 
225,deadhomie connected via 
226,deadhomie  definitely want get addressed  please dm zong number 
227,noorrulhudaa welcome 
228,__humorist nxttoyoufool ahem.. legal talha. worry  secrets safe us 
229,noorrulhudaa please explore link exciting offers. 
230,noorrulhudaa even question? we'd love welcome no. data network wide variety 
231,mehranhu zong_cmpak hi  give us chance look concern. kindly share contact number 
232,khanshah please check  replied 
233,alishainayat thank part zong family 
234,i_mbilal pleased serve 
235,i_mbilal offering offer sim 
236,maqboolshafqat please check 
237,mr_programmer please dm zong number may check eligibility connection offer assist 
238,i_mbilal sim replacement charges rs . please visit zong csc/franchise along cnic 
239,mr_programmer know mobile number please send myno . charges rs. + 
240,huzaifa pen_chor asimqaumi experience would want  kindly share details 
241,huzaifa experience would want  kindly share details 
242,mr_programmer please confirm want know gsm sim 
243,atifmtz complaint process. teams working  please wait issue resolved 
244,atifmtz sorry hear  please dm complaint reference number 
245,get amazing discounts find adventure portal zongg findmyadventure 
246,anwerishere hi  allow us assist  share zong number dm get back 
247,_atariq_ greatly regret inconvenience  please share zong number via dm swift 
248,ali_bukhari yes  we'd like introduce zongg  one star products 
249,safe_khyber  hum apki help kay liye available hain. ap kindly apna issue aur zong number hamai dm kijiye 
250,muhamadanas ideservebetter_ ap please details kay liye link visit kijiye. 
251,favourite packages  internet voice one place zongg online 
252,qasim_skp asdyari pen_chor asimqaumi hi  definitely want get addressed  please inbox 
253,theforculate sharafatali mr_programmer hum apki help kay liye available hain aur apko dm mai guide kiya ja raha 
254,maahtab_ali hi  give us chance look concern. kindly share contact number message box 
255,asdyari pen_chor asimqaumi connected via  facilitated 
256,asdyari pen_chor asimqaumi hi  totally understand inconvenience  please dm 
257,aamirabbas_ registered cnic port request processed. 
258,aamirabbas_ hi  mbb customers avail free resources port operator number zong. mbb device 
259,_misha__biebz_ telenorpakistan  stay connected fastest internet zongg 
260,sharafatali theforculate mr_programmer hi  kindly ap apna zong number humein dm kijyey apny 
261,phatymahahmed hi  kindly ap apna zong number humein dm kijyey taky ap ko guide kiya ja 
262,xaqubz danishsabzwari hi  thank affirmative response zongg 
263,asimkhan chingez_  kindly share usage details  zong number via  definitely guide 
264,maritannaki hi  kindly ap apna usage apny zong number ky saath dm kijyey taky ap ko best offers suggest ky ja 
265,frodo__ hi  kindly check dm 
266,myzeeyounus stay connected fastest internet 
267,watch favourite pakistani  movies tv series using s fastest mobile internet. 
268,pak_info_srvc thank  stay connected zongg 
269,king  continuously strive provide best  stay connected us 
270,noweedhassan ufone jazzpk  apologize troubling experience faced. kindly dm us detailed 
271,muhamadanas ideservebetter_ kindly hum say dm mein apni requirement share kijiyay kay apko kitnay minutes aur data darkar 
272,therashidkhan hi  thank sharing feedback. zong always believe moving forward light 
273,tricks_all  please dm zong number facilitated accordingly. 
274,iqbalnasir connected via dm 
275,shahrozimran shukriya 
276,shahrozimran  thank sharing feedback. zong always believe moving forward light s 
277,kazimkhan hi  please dm zong number guide regarding usage. 
278,shahidjabbi hi  totally understand inconvenience  please dm zong number extended 
279,lashkarishahzor hi  ap kindly apna issue aur zong number hamai dm kijiye kay apke bahtar rahnumai ke ja 
280,mrrj currently unlimited bundle available. details please explore link. 
281,theforculate mr_programmer hi  ge farmaye hum apki help kay liye available 
282,mrrj  please  want know zong gsm sim internet  zong mbb device bundles zong internet sim 
283,aamirabbas_ hi  thank part zong family 
284,em__aar connected via 
285,romanking  ap zong app kay zarye apni details check kar sakty hain. please link visit kijiye. 
286,em__aar  sorry apko parishani ka samna karna parha ap please apna zong number message box mai share kijiye apko guide kiya jai 
287,romanking 
288,asghar_mahar kashif_jatoi danishsabzwari kindly visit zong website check mbb internet bundles 
289,asghar_mahar kashif_jatoi danishsabzwari please visit zong website zong mbb device information: 
290,jan_k per complaint  provided address  please dm complete address 
291,zaman_zpk burhankgan hi  definitely want get addressed  please dm zong number 
292,kashif_jatoi danishsabzwari welcome 
293,zanish mr_programmer internet sim kay bundles ki malomat jana chaty hain. 
294,zanish mr_programmer hi - ap zong gsm sim kay internet bundles ki malomat jana chaty  zong mbb devices kay bundles ya 
295,kashif_jatoi danishsabzwari  bolt+ device price rs. . mbb bundle details please visit link. 
296,kashif_jatoi danishsabzwari hi  please  want know device price monthly mbb 
297,hhh danishsabzwari hi - thank suggestion would definitely 
298,anchors_of_pk  offering one plus one offer valuable customers. please visit link details. 
299,usamaalitweets welcome stay connected zong services 
300,usamaalitweets required details shared kindly check let us know still assistance 
301,usamaalitweets connected via 
302,pinkibz welcome 
303,usamaalitweets  please check message box. 
304,illahibux bijliwala_ crypticdr connected via dm 
305,_misha__biebz_ king_boylieber thank part zong family 
306,basharat_ thank  glad like 
307,get recharged immediately online zongg always stay   
308,realahmadsaeed connected via message box. thank 
309,samad_mashwani hi  please dm usage details suggest exciting bundle according 
310,muhamma zong brings fiber  combining speed convenience like never before. please visit 
311,sk mr_programmer  offering super weekly offer valuable customers. please explore 
312,muhamma book fiberhome mbb device online get discount (discounted price rs .for booking please 
313,muhamma would suggest mbb services mbb bundles details please explore link. 
314,muhamma hi  please dm usage details suggest best bundle according usage. 
315,mr_programmer thank part zong family 
316,alcoholic_akb  keep enjoying zong services 
317,jan_k customers valuable  / available 
318,jan_k welcome  please wait soon 
319,muhamadanas ideservebetter_ hi  please confirm kijiye ap sms packages jana chaty hain internet packages 
320,saadat hi  currently unlimited bundle available. exciting bundles please explore link. 
321,ideservebetter_ although committed future  sure.. 
322,ovais_raza share kijiye apko details check kar kay guide kiya jai ga. shukriya 
323,ovais_raza hi  voice bundle rs. kay charges taxes shamil kar kay rs. .  hain. please apna zong number dm mai 
324,iammskofficial  customers valuable asset feedback helps us serve 
325,ahsanansari shukriya 
326,realahmadsaeed offering g services toba tek singh  facing issue please dm 
327,kashif_qaimi ahsanansari aeydotwhy  thank  glad like 
328,tilamuhammad  thank affirmative 
329,atifmtz hi  give us chance look concern. kindly share contact number message box 
330,chfaisalmangat hi  zong always believe moving forward light s 
331,pinkibz hi  zong combo pack available hai activation kay liye  dial kijiye charges rs.+tax 
332,news_of_pk thank part zong family 
333,aamir_malik_ alcoholic_akb zongg thank part fastest internet 
334,eeyah_maher bijliwala_ happy serve fastest internet zongg 
335,royalpeep ufone zong would love board. shall get started? drop us dm please 
336,iqbalnasir hi  kindly share zong device number via dm 
337,munazzaanwaar thank considering us 
338,stylishmalik sansculottic kindly check message box 
339,alihussain spogmai_sr stay connected 
340,huzaifanaeem shabihfatima yaradeyaar saras'r ilzam hai yeh committed  see 
341,usamaalitweets hi  kindly dm us zong number 
342,ghulamahmad  already connected via message  please check details 
343,saffiullah danishsabzwari saffiullah  offering bolt+ devices rs . get 
344,afridifan_mufc connected  kindly check message box 
345,yar_mohd  offering daily social bundles.  share number dm 
346,realahmadsaeed hi  share city name us 
347,jan_k hum ap kay liye masla check kiye letay  apna number humaien dm 
348,shabihfatima yaradeyaar can't wait welcome  drop us line we'll get started 
349,aamir_malik_ hi  stay connected 
350,amnasituation blessed 
351,alihussain spogmai_sr glad like 
352,mushi_sidd thank kind 
353,burhankgan glad like 
354,pervezi thank appriciation 
355,afridifan_mufc  depends usage  kindly share zong number dm 
